{
  "city_name": "바르셀로나",
  "city_code": "BCN",
  "tab_name": "전체",
  "target_products": 2,
  "total_collected": 2,
  "pages_processed": 1,
  "collected_at": "2025-08-26T12:20:07.156870",
  "ranking_data": [
    {
      "url": "https://www.klook.com/ko/activity/21276-park-guell-admission-barcelona/",
      "rank": 1,
      "tab": "전체",
      "city": "바르셀로나",
      "page": 1,
      "collected_at": "2025-08-26T12:19:52.052097"
    },
    {
      "url": "https://www.klook.com/ko/activity/20380-sagrada-familia-ticket-barcelona/",
      "rank": 2,
      "tab": "전체",
      "city": "바르셀로나",
      "page": 1,
      "collected_at": "2025-08-26T12:20:04.347774"
    }
  ]
}